#TYPE Microsoft.IIs.PowerShell.Framework.ConfigurationElement#site#application
"path","applicationPool","enabledProtocols","serviceAutoStartEnabled","serviceAutoStartProvider","preloadEnabled","virtualDirectoryDefaults","Collection","PSPath","Location","ConfigurationPathType","ItemXPath","PhysicalPath","Attributes","ChildElements","ElementTagName","Methods","Schema"
"/SecurityTokenServiceApplication","SecurityTokenServiceApplicationPool","http,net.pipe","False","","False","Microsoft.IIs.PowerShell.Framework.ConfigurationElement","System.Management.Automation.PSObject[]","MACHINE/WEBROOT/APPHOST","","Location","/system.applicationHost/sites/site[@name='SharePoint Web Services' and @id='2']/application[@path='/SecurityTokenServiceApplication']","C:\Program Files\Common Files\Microsoft Shared\Web Server Extensions\15\WebServices\SecurityToken","Microsoft.IIs.PowerShell.Framework.ConfigurationAttributeCollection","Microsoft.IIs.PowerShell.Framework.ConfigurationChildElementCollection","application",,"Microsoft.IIs.PowerShell.Framework.ConfigurationElementSchema"
"/Topology","3b6457a4840442f4809a5dea40a0d4c2","https","False","","False","Microsoft.IIs.PowerShell.Framework.ConfigurationElement","System.Management.Automation.PSObject[]","MACHINE/WEBROOT/APPHOST","","Location","/system.applicationHost/sites/site[@name='SharePoint Web Services' and @id='2']/application[@path='/Topology']","C:\Program Files\Common Files\Microsoft Shared\Web Server Extensions\15\WebServices\Topology","Microsoft.IIs.PowerShell.Framework.ConfigurationAttributeCollection","Microsoft.IIs.PowerShell.Framework.ConfigurationChildElementCollection","application",,"Microsoft.IIs.PowerShell.Framework.ConfigurationElementSchema"
"/cf985bd570c74ddca35a31f7ec8465ea","d9f552de295849029413a5d08eb30641","http,https","False","","False","Microsoft.IIs.PowerShell.Framework.ConfigurationElement","System.Management.Automation.PSObject[]","MACHINE/WEBROOT/APPHOST","","Location","/system.applicationHost/sites/site[@name='SharePoint Web Services' and @id='2']/application[@path='/cf985bd570c74ddca35a31f7ec8465ea']","C:\Program Files\Microsoft Office Servers\15.0\WebServices\Shared\AccessDataServer","Microsoft.IIs.PowerShell.Framework.ConfigurationAttributeCollection","Microsoft.IIs.PowerShell.Framework.ConfigurationChildElementCollection","application",,"Microsoft.IIs.PowerShell.Framework.ConfigurationElementSchema"
"/067787927f5849de9c10e0b7836b8f7c","d9f552de295849029413a5d08eb30641","https","False","","False","Microsoft.IIs.PowerShell.Framework.ConfigurationElement","System.Management.Automation.PSObject[]","MACHINE/WEBROOT/APPHOST","","Location","/system.applicationHost/sites/site[@name='SharePoint Web Services' and @id='2']/application[@path='/067787927f5849de9c10e0b7836b8f7c']","C:\Program Files\Microsoft Office Servers\15.0\WebServices\SearchAdmin","Microsoft.IIs.PowerShell.Framework.ConfigurationAttributeCollection","Microsoft.IIs.PowerShell.Framework.ConfigurationChildElementCollection","application",,"Microsoft.IIs.PowerShell.Framework.ConfigurationElementSchema"
"/a099da84b7304a25a499d087c9e58a30","d9f552de295849029413a5d08eb30641","http,https","False","","False","Microsoft.IIs.PowerShell.Framework.ConfigurationElement","System.Management.Automation.PSObject[]","MACHINE/WEBROOT/APPHOST","","Location","/system.applicationHost/sites/site[@name='SharePoint Web Services' and @id='2']/application[@path='/a099da84b7304a25a499d087c9e58a30']","C:\Program Files\Common Files\Microsoft Shared\Web Server Extensions\15\WebServices\PowerPointConversion","Microsoft.IIs.PowerShell.Framework.ConfigurationAttributeCollection","Microsoft.IIs.PowerShell.Framework.ConfigurationChildElementCollection","application",,"Microsoft.IIs.PowerShell.Framework.ConfigurationElementSchema"
"/888a6e60b2cb4c929653b2f548012fde","d9f552de295849029413a5d08eb30641","http,https","False","","False","Microsoft.IIs.PowerShell.Framework.ConfigurationElement","System.Management.Automation.PSObject[]","MACHINE/WEBROOT/APPHOST","","Location","/system.applicationHost/sites/site[@name='SharePoint Web Services' and @id='2']/application[@path='/888a6e60b2cb4c929653b2f548012fde']","C:\Program Files\Microsoft Office Servers\15.0\WebServices\PpsMonitoringServer","Microsoft.IIs.PowerShell.Framework.ConfigurationAttributeCollection","Microsoft.IIs.PowerShell.Framework.ConfigurationChildElementCollection","application",,"Microsoft.IIs.PowerShell.Framework.ConfigurationElementSchema"
"/26acde54bdb040dda92805d3b3454d53","d9f552de295849029413a5d08eb30641","http,https","False","","False","Microsoft.IIs.PowerShell.Framework.ConfigurationElement","System.Management.Automation.PSObject[]","MACHINE/WEBROOT/APPHOST","","Location","/system.applicationHost/sites/site[@name='SharePoint Web Services' and @id='2']/application[@path='/26acde54bdb040dda92805d3b3454d53']","C:\Program Files\Microsoft Office Servers\15.0\WebServices\Shared\VisioGraphicsServer","Microsoft.IIs.PowerShell.Framework.ConfigurationAttributeCollection","Microsoft.IIs.PowerShell.Framework.ConfigurationChildElementCollection","application",,"Microsoft.IIs.PowerShell.Framework.ConfigurationElementSchema"
"/927af422c09443acac0aebfe61565fa7","d9f552de295849029413a5d08eb30641","http,https","False","","False","Microsoft.IIs.PowerShell.Framework.ConfigurationElement","System.Management.Automation.PSObject[]","MACHINE/WEBROOT/APPHOST","","Location","/system.applicationHost/sites/site[@name='SharePoint Web Services' and @id='2']/application[@path='/927af422c09443acac0aebfe61565fa7']","C:\Program Files\Microsoft Office Servers\15.0\WebServices\Metadata","Microsoft.IIs.PowerShell.Framework.ConfigurationAttributeCollection","Microsoft.IIs.PowerShell.Framework.ConfigurationChildElementCollection","application",,"Microsoft.IIs.PowerShell.Framework.ConfigurationElementSchema"
"/92072c31e247477bbe92136c0fee7beb","d9f552de295849029413a5d08eb30641","http,https","False","","False","Microsoft.IIs.PowerShell.Framework.ConfigurationElement","System.Management.Automation.PSObject[]","MACHINE/WEBROOT/APPHOST","","Location","/system.applicationHost/sites/site[@name='SharePoint Web Services' and @id='2']/application[@path='/92072c31e247477bbe92136c0fee7beb']","C:\Program Files\Common Files\Microsoft Shared\Web Server Extensions\15\WebServices\AppMng","Microsoft.IIs.PowerShell.Framework.ConfigurationAttributeCollection","Microsoft.IIs.PowerShell.Framework.ConfigurationChildElementCollection","application",,"Microsoft.IIs.PowerShell.Framework.ConfigurationElementSchema"
"/81f25557c8484cb4a1a3d2517c1ccf21","d9f552de295849029413a5d08eb30641","http,https","False","","False","Microsoft.IIs.PowerShell.Framework.ConfigurationElement","System.Management.Automation.PSObject[]","MACHINE/WEBROOT/APPHOST","","Location","/system.applicationHost/sites/site[@name='SharePoint Web Services' and @id='2']/application[@path='/81f25557c8484cb4a1a3d2517c1ccf21']","C:\Program Files\Microsoft Office Servers\15.0\WebServices\Shared\ExcelCalculationServer","Microsoft.IIs.PowerShell.Framework.ConfigurationAttributeCollection","Microsoft.IIs.PowerShell.Framework.ConfigurationChildElementCollection","application",,"Microsoft.IIs.PowerShell.Framework.ConfigurationElementSchema"
"/7ede99c901174580ac78c5af1cc96a80","d9f552de295849029413a5d08eb30641","http,https","False","","False","Microsoft.IIs.PowerShell.Framework.ConfigurationElement","System.Management.Automation.PSObject[]","MACHINE/WEBROOT/APPHOST","","Location","/system.applicationHost/sites/site[@name='SharePoint Web Services' and @id='2']/application[@path='/7ede99c901174580ac78c5af1cc96a80']","C:\Program Files\Microsoft Office Servers\15.0\WebServices\TranslationServices","Microsoft.IIs.PowerShell.Framework.ConfigurationAttributeCollection","Microsoft.IIs.PowerShell.Framework.ConfigurationChildElementCollection","application",,"Microsoft.IIs.PowerShell.Framework.ConfigurationElementSchema"
"/b8dfbede310b4d44b6e5f3a98ae82fe2","d9f552de295849029413a5d08eb30641","http,https","False","","False","Microsoft.IIs.PowerShell.Framework.ConfigurationElement","System.Management.Automation.PSObject[]","MACHINE/WEBROOT/APPHOST","","Location","/system.applicationHost/sites/site[@name='SharePoint Web Services' and @id='2']/application[@path='/b8dfbede310b4d44b6e5f3a98ae82fe2']","C:\Program Files\Microsoft Office Servers\15.0\WebServices\WordServer","Microsoft.IIs.PowerShell.Framework.ConfigurationAttributeCollection","Microsoft.IIs.PowerShell.Framework.ConfigurationChildElementCollection","application",,"Microsoft.IIs.PowerShell.Framework.ConfigurationElementSchema"
"/aa1939f58e394be3b54351c8ce4f09ac","d9f552de295849029413a5d08eb30641","http,https","False","","False","Microsoft.IIs.PowerShell.Framework.ConfigurationElement","System.Management.Automation.PSObject[]","MACHINE/WEBROOT/APPHOST","","Location","/system.applicationHost/sites/site[@name='SharePoint Web Services' and @id='2']/application[@path='/aa1939f58e394be3b54351c8ce4f09ac']","C:\Program Files\Common Files\Microsoft Shared\Web Server Extensions\15\WebServices\Bdc","Microsoft.IIs.PowerShell.Framework.ConfigurationAttributeCollection","Microsoft.IIs.PowerShell.Framework.ConfigurationChildElementCollection","application",,"Microsoft.IIs.PowerShell.Framework.ConfigurationElementSchema"
"/2b99d5fb10184637bf3085c45eed6548","d9f552de295849029413a5d08eb30641","http,https","False","","False","Microsoft.IIs.PowerShell.Framework.ConfigurationElement","System.Management.Automation.PSObject[]","MACHINE/WEBROOT/APPHOST","","Location","/system.applicationHost/sites/site[@name='SharePoint Web Services' and @id='2']/application[@path='/2b99d5fb10184637bf3085c45eed6548']","C:\Program Files\Microsoft Office Servers\15.0\WebServices\WorkManagementService","Microsoft.IIs.PowerShell.Framework.ConfigurationAttributeCollection","Microsoft.IIs.PowerShell.Framework.ConfigurationChildElementCollection","application",,"Microsoft.IIs.PowerShell.Framework.ConfigurationElementSchema"
"/d3668edb5ae04f728f068af7cc77a38b","d9f552de295849029413a5d08eb30641","http,https","False","","False","Microsoft.IIs.PowerShell.Framework.ConfigurationElement","System.Management.Automation.PSObject[]","MACHINE/WEBROOT/APPHOST","","Location","/system.applicationHost/sites/site[@name='SharePoint Web Services' and @id='2']/application[@path='/d3668edb5ae04f728f068af7cc77a38b']","C:\Program Files\Microsoft Office Servers\15.0\WebServices\Shared\AccessDataServices","Microsoft.IIs.PowerShell.Framework.ConfigurationAttributeCollection","Microsoft.IIs.PowerShell.Framework.ConfigurationChildElementCollection","application",,"Microsoft.IIs.PowerShell.Framework.ConfigurationElementSchema"
"/473ba5b498be47c387fad0009b67adf9","d9f552de295849029413a5d08eb30641","http,https","False","","False","Microsoft.IIs.PowerShell.Framework.ConfigurationElement","System.Management.Automation.PSObject[]","MACHINE/WEBROOT/APPHOST","","Location","/system.applicationHost/sites/site[@name='SharePoint Web Services' and @id='2']/application[@path='/473ba5b498be47c387fad0009b67adf9']","C:\Program Files\Microsoft Office Servers\15.0\WebServices\SearchService","Microsoft.IIs.PowerShell.Framework.ConfigurationAttributeCollection","Microsoft.IIs.PowerShell.Framework.ConfigurationChildElementCollection","application",,"Microsoft.IIs.PowerShell.Framework.ConfigurationElementSchema"
