[
  {
    "Id": "1330542",
    "ThreadId": "574502",
    "Html": "No complaint against this project but anyone landing here really should first consider using Microsoft's ULS Viewer. \r<br />\n<br />\nMS released a new version of its ULS Viewer last summer with several great new features and bug fixes after several years of no changes.\r<br />\n<br />\nBill Baer gives a nice overview of the new version here, <a href=\"http://blogs.technet.com/b/wbaer/archive/2014/08/22/uls-viewing-like-a-boss-uls-viewer-is-now-available.aspx\" rel=\"nofollow\">ULS Viewing Like a Boss (ULS Viewer is now available)</a>.\r<br />\n<br />\nDownload it here, <a href=\"http://www.microsoft.com/en-ca/download/details.aspx?id=44020\" rel=\"nofollow\">http://www.microsoft.com/en-ca/download/details.aspx?id=44020</a>.<br />\n",
    "PostedDate": "2014-12-10T04:08:15.943-08:00",
    "UserRole": null,
    "MarkedAsAnswerDate": null
  }
]