[
  {
    "Id": "39826",
    "Title": "Feature Request",
    "LatestDate": "2009-10-15T15:10:50.323-07:00"
  },
  {
    "Id": "46911",
    "Title": "writing to sharepoint log using reflection",
    "LatestDate": "2009-02-12T02:09:08.623-08:00"
  },
  {
    "Id": "67175",
    "Title": "Feature Request",
    "LatestDate": "2009-08-27T06:11:40.073-07:00"
  },
  {
    "Id": "250542",
    "Title": "Filter by correlation id",
    "LatestDate": "2011-03-21T08:38:37.09-07:00"
  },
  {
    "Id": "389979",
    "Title": "Correlation Filter",
    "LatestDate": "2012-08-02T05:20:52.41-07:00"
  },
  {
    "Id": "406416",
    "Title": "in a farm, how to find specific correlation id?",
    "LatestDate": "2012-12-11T08:27:59.637-08:00"
  },
  {
    "Id": "574502",
    "Title": "Consider using Microsoft's ULS Viewer (new version with improvements)",
    "LatestDate": "2014-12-10T04:08:15.943-08:00"
  }
]