[
  {
    "Id": "147958",
    "ThreadId": "39826",
    "Html": "Hi,<br>\r\nmy feature request would be reading the logs from all servers in the farm.<br>\r\n<br>\r\nRené \r\n",
    "PostedDate": "2009-01-17T10:06:19.62-08:00",
    "UserRole": null,
    "MarkedAsAnswerDate": null
  },
  {
    "Id": "194910",
    "ThreadId": "39826",
    "Html": "<p>Hi,</p>\r\n<p>&nbsp;&nbsp;&nbsp; Nice tool! I want to be able to filter by 'Area'. Is that possible now?</p>\r\n<p>&nbsp;&nbsp;&nbsp; I also miss the ability to sort my multiple columns. For example, I want to be able to sort by 'Area' and then by 'Time'.</p>\r\n<p>Thanks!</p>",
    "PostedDate": "2009-05-27T12:49:42.487-07:00",
    "UserRole": null,
    "MarkedAsAnswerDate": null
  },
  {
    "Id": "246267",
    "ThreadId": "39826",
    "Html": "<p>Hi Keir, great tool.</p>\r\n<p>Makes my life so much easier.</p>\r\n<p>I have two little&nbsp;feature requests&nbsp;that would make it that much more useful. Hope you can see your way to adding them in the future.</p>\r\n<ul>\r\n<li><strong>Open Log File</strong>: Having to continually browse from the default log path to our custom one is a little tedious. It would be great if the application could either:\r\n<ul>\r\n<li>Remember last used location;</li>\r\n<li>allow user to specify a location via an application setting;</li>\r\n<li>or, better still, show a list&nbsp;of last used locations.</li>\r\n</ul>\r\n</li>\r\n<li><strong>Text Filter</strong>: I love this. The live filtering is brilliant - and so quick. Any possibility of being able to 'exclude' as well?\r\n<ul>\r\n<li>Perhaps a drop-down an option Include/Exclude on the current filter box, or an additional box to allow both at the same time?</li>\r\n</ul>\r\n</li>\r\n</ul>\r\n<p>Please keep up the great work. This is a terrifically useful tool. Dare I say indispensible? :D</p>",
    "PostedDate": "2009-10-15T15:04:49.37-07:00",
    "UserRole": null,
    "MarkedAsAnswerDate": null
  },
  {
    "Id": "246272",
    "ThreadId": "39826",
    "Html": "<p>Ooh, ooh - I almost forgot! :)</p>\r\n<p>One more request for <strong>Open Log File</strong>: The ability to open a directory and display the list of logs in a left-side navigation panel.</p>\r\n<p>Thanks again! Really looking forward to any new release.</p>",
    "PostedDate": "2009-10-15T15:10:50.323-07:00",
    "UserRole": null,
    "MarkedAsAnswerDate": null
  }
]