{
  "WorkItem": {
    "AffectedComponent": {
      "Name": "",
      "DisplayName": ""
    },
    "ClosedComment": "",
    "ClosedDate": null,
    "CommentCount": 0,
    "Custom": null,
    "Description": "-->tried to open a log file in side the program\n \n-->it closed automatically\n \n-->checked the Application log in event viewer\n===============\nEvent Type:\tError\nEvent Source:\t.NET Runtime 2.0 Error Reporting\nEvent Category:\tNone\nEvent ID:\t5000\nDate:\t\t4/17/2009\nTime:\t\t1:59:29 AM\nUser:\t\tN/A\nComputer:\tMATRIX\nDescription:\nEventType clr20r3, P1 ulsviewer.exe, P2 1.0.0.0, P3 49b6d484, P4 ulsviewer, P5 1.0.0.0, P6 49b6d484, P7 5, P8 57, P9 system.io.filenotfoundexception, P10 NIL.\n \nFor more information, see Help and Support Center at http://go.microsoft.com/fwlink/events.asp.\nData:\n0000: 63 00 6c 00 72 00 32 00   c.l.r.2.\n0008: 30 00 72 00 33 00 2c 00   0.r.3.,.\n0010: 20 00 75 00 6c 00 73 00    .u.l.s.\n0018: 76 00 69 00 65 00 77 00   v.i.e.w.\n0020: 65 00 72 00 2e 00 65 00   e.r...e.\n0028: 78 00 65 00 2c 00 20 00   x.e.,. .\n0030: 31 00 2e 00 30 00 2e 00   1...0...\n0038: 30 00 2e 00 30 00 2c 00   0...0.,.\n0040: 20 00 34 00 39 00 62 00    .4.9.b.\n0048: 36 00 64 00 34 00 38 00   6.d.4.8.\n0050: 34 00 2c 00 20 00 75 00   4.,. .u.\n0058: 6c 00 73 00 76 00 69 00   l.s.v.i.\n0060: 65 00 77 00 65 00 72 00   e.w.e.r.\n0068: 2c 00 20 00 31 00 2e 00   ,. .1...\n0070: 30 00 2e 00 30 00 2e 00   0...0...\n0078: 30 00 2c 00 20 00 34 00   0.,. .4.\n0080: 39 00 62 00 36 00 64 00   9.b.6.d.\n0088: 34 00 38 00 34 00 2c 00   4.8.4.,.\n0090: 20 00 35 00 2c 00 20 00    .5.,. .\n0098: 35 00 37 00 2c 00 20 00   5.7.,. .\n00a0: 73 00 79 00 73 00 74 00   s.y.s.t.\n00a8: 65 00 6d 00 2e 00 69 00   e.m...i.\n00b0: 6f 00 2e 00 66 00 69 00   o...f.i.\n00b8: 6c 00 65 00 6e 00 6f 00   l.e.n.o.\n00c0: 74 00 66 00 6f 00 75 00   t.f.o.u.\n00c8: 6e 00 64 00 65 00 78 00   n.d.e.x.\n00d0: 63 00 65 00 70 00 74 00   c.e.p.t.\n00d8: 69 00 6f 00 6e 00 20 00   i.o.n. .\n00e0: 4e 00 49 00 4c 00 0d 00   N.I.L...\n00e8: 0a 00                     ..      \n==============================",
    "LastUpdatedDate": "2013-02-21T16:32:08.873-08:00",
    "PlannedForRelease": "",
    "ReleaseVisibleToPublic": false,
    "Priority": {
      "Name": "Low",
      "Severity": 50,
      "Id": 1
    },
    "ProjectName": "ULSViewer",
    "ReportedDate": "2009-04-16T13:45:12.16-07:00",
    "Status": {
      "Name": "Proposed",
      "Id": 1
    },
    "ReasonClosed": {
      "Name": "Unassigned"
    },
    "Summary": "got error running the ULSViewer.exe",
    "Type": {
      "Name": "Issue",
      "Id": 3
    },
    "VoteCount": 1,
    "Id": 4275
  },
  "FileAttachments": [],
  "Comments": []
}