{
  "WorkItem": {
    "AffectedComponent": {
      "Name": "",
      "DisplayName": ""
    },
    "ClosedComment": "",
    "ClosedDate": null,
    "CommentCount": 0,
    "Custom": null,
    "Description": "9 out of 10 times in need to look in the log files, it is because i want to find a relevant correlation id.\n \nBut when i search for the correlation id, even though i know it is there.\n \nClearly if would make a ton of sense to do a lookup in the correlation id column when using this excellent tool in SharePoint 2010 ?",
    "LastUpdatedDate": "2015-03-04T13:56:46.793-08:00",
    "PlannedForRelease": "",
    "ReleaseVisibleToPublic": false,
    "Priority": {
      "Name": "Low",
      "Severity": 50,
      "Id": 1
    },
    "ProjectName": "ULSViewer",
    "ReportedDate": "2010-07-29T04:31:13.263-07:00",
    "Status": {
      "Name": "Proposed",
      "Id": 1
    },
    "ReasonClosed": {
      "Name": "Unassigned"
    },
    "Summary": "Text filter doesnt search in correlation id",
    "Type": {
      "Name": "Issue",
      "Id": 3
    },
    "VoteCount": 6,
    "Id": 9091
  },
  "FileAttachments": [],
  "Comments": [
    {
      "Message": "Check this app. https://sharepointlogsviewer.codeplex.com/ support filter by Correlation ID, Message, Level, Area, Or/And Category, also it support filter with custom values.",
      "PostedDate": "2013-11-02T12:44:38.28-07:00",
      "Id": -2147483648
    },
    {
      "Message": "",
      "PostedDate": "2013-12-12T00:22:47.383-08:00",
      "Id": -2147483648
    },
    {
      "Message": "",
      "PostedDate": "2015-03-04T13:56:46.793-08:00",
      "Id": -2147483648
    }
  ]
}