{
  "WorkItem": {
    "AffectedComponent": {
      "Name": "",
      "DisplayName": ""
    },
    "ClosedComment": "",
    "ClosedDate": null,
    "CommentCount": 0,
    "Custom": null,
    "Description": "ULS Viewer not working on x64, does anyone has the same experience???",
    "LastUpdatedDate": "2013-02-21T16:32:09.04-08:00",
    "PlannedForRelease": "",
    "ReleaseVisibleToPublic": false,
    "Priority": {
      "Name": "Low",
      "Severity": 50,
      "Id": 1
    },
    "ProjectName": "ULSViewer",
    "ReportedDate": "2009-02-19T04:47:52.437-08:00",
    "Status": {
      "Name": "Proposed",
      "Id": 1
    },
    "ReasonClosed": {
      "Name": "Unassigned"
    },
    "Summary": "ULS Viewer not working on x64",
    "Type": {
      "Name": "Issue",
      "Id": 3
    },
    "VoteCount": 1,
    "Id": 3832
  },
  "FileAttachments": [],
  "Comments": [
    {
      "Message": "Same here... Can pick a logfile, but than shuts down.",
      "PostedDate": "2010-03-11T22:50:10.84-08:00",
      "Id": -2147483648
    },
    {
      "Message": "Copied the logfiles on my W7 machine (x64) and that will run.",
      "PostedDate": "2010-03-12T01:29:38.807-08:00",
      "Id": -2147483648
    },
    {
      "Message": "",
      "PostedDate": "2013-02-21T16:32:09.04-08:00",
      "Id": -2147483648
    }
  ]
}