{
  "WorkItem": {
    "AffectedComponent": {
      "Name": "",
      "DisplayName": ""
    },
    "ClosedComment": "",
    "ClosedDate": null,
    "CommentCount": 0,
    "Custom": null,
    "Description": "Filtering by area would be nice.",
    "LastUpdatedDate": "2013-11-02T12:40:13.177-07:00",
    "PlannedForRelease": "",
    "ReleaseVisibleToPublic": false,
    "Priority": {
      "Name": "Low",
      "Severity": 50,
      "Id": 1
    },
    "ProjectName": "ULSViewer",
    "ReportedDate": "2011-07-26T07:25:58.987-07:00",
    "Status": {
      "Name": "Proposed",
      "Id": 1
    },
    "ReasonClosed": {
      "Name": "Unassigned"
    },
    "Summary": "Filtering by Area not possible",
    "Type": {
      "Name": "Issue",
      "Id": 3
    },
    "VoteCount": 1,
    "Id": 11124
  },
  "FileAttachments": [],
  "Comments": [
    {
      "Message": "Check this app. https://sharepointlogsviewer.codeplex.com/ support filter by Correlation ID, Message, Level, Area, Or/And Category, also it support filter with custom values.",
      "PostedDate": "2013-11-02T12:40:13.177-07:00",
      "Id": -2147483648
    }
  ]
}