[
  {
    "Id": "0",
    "Name": "ULS Viewer (Version 1.01)",
    "DevelopmentStatus": "Stable",
    "Description": "Minor update with UI improvements including better text alignment in toolbar and scroll bars for the detail text panel.",
    "ReleasedDatge": "0001-01-01T00:00:00",
    "ModifiedDate": "2008-11-12T20:53:59.237-08:00",
    "Files": [
      {
        "Id": "3f1b6d36-b4cc-44f1-89d5-ed7dabe45d11",
        "FileName": "ULSViewer.zip",
        "Url": "./0/3f1b6d36-b4cc-44f1-89d5-ed7dabe45d11",
        "Type": "Application",
        "UploadDate": "2008-11-12T20:53:08.11-08:00"
      }
    ]
  },
  {
    "Id": "1",
    "Name": "ULS Viewer Source (version 1.0)",
    "DevelopmentStatus": "Stable",
    "Description": "This is the Visual Studio 2008 solution for the ULS Viewer.",
    "ReleasedDatge": "0001-01-01T00:00:00",
    "ModifiedDate": "2008-11-08T18:15:53.28-08:00",
    "Files": [
      {
        "Id": "1bc33513-a6c5-4bcd-8f3f-efdb05abc851",
        "FileName": "ULSViewer_source.zip",
        "Url": "./1/1bc33513-a6c5-4bcd-8f3f-efdb05abc851",
        "Type": "Source Code",
        "UploadDate": "2008-11-08T18:15:52.953-08:00"
      }
    ]
  },
  {
    "Id": "2",
    "Name": "ULS Viewer (Version 2.0)",
    "DevelopmentStatus": "Stable",
    "Description": "This release contains many fixes including some suggestions from users.\n\n* Sort on any column by clicking column header  (ascending or descending)\n* Ability to open and concatenate multiple log files  (select multiple from open dialog)\n* Ability to automatically browse the default log directory  (When running on a SharePoint server)\n* Full Text Search (of log Message, Category, and Process AND combined with other filters)\n",
    "ReleasedDatge": "0001-01-01T00:00:00",
    "ModifiedDate": "2009-03-10T14:26:15.54-07:00",
    "Files": [
      {
        "Id": "d17ec32e-d945-4df7-ba36-cf12daa87a01",
        "FileName": "ULSViewer.zip",
        "Url": "./2/d17ec32e-d945-4df7-ba36-cf12daa87a01",
        "Type": "Application",
        "UploadDate": "2009-03-10T14:26:15.323-07:00"
      },
      {
        "Id": "78525b29-7109-4cd8-bf96-146b172895e8",
        "FileName": "ULSViewerSource.zip",
        "Url": "./2/78525b29-7109-4cd8-bf96-146b172895e8",
        "Type": "Source Code",
        "UploadDate": "2009-03-10T14:26:15.137-07:00"
      }
    ]
  }
]